<NotepadPlus>
    <UserLang name="mel" ext="mel">
        <Settings>
            <Global caseIgnored="no" />
            <TreatAsSymbol comment="yes" commentLine="yes" />
            <Prefix words1="no" words2="no" words3="no" words4="no" />
        </Settings>
        <KeywordLists>
            <Keywords name="Delimiters">&quot;00&quot;00</Keywords>
            <Keywords name="Folder+"></Keywords>
            <Keywords name="Folder-"></Keywords>
            <Keywords name="Operators">! ( ) . ; [ \ ] ` + &lt; = &gt;</Keywords>
            <Keywords name="Comment"> 1/* 2*/ 0//</Keywords>
            <Keywords name="Words1">and as case catch continue do else exit false for from proc global if in local not of off on or random return then throw to true try when where while with vector</Keywords>
            <Keywords name="Words2">about abs addAttr addAttributeEditorNodeHelp addDynamic addNewShelfTab addPP addPrefixToName addpanelCategory advanceToNextDrivenKey affectedNet affects aimConstraint air alias aliasAttr align alignCtx alignCurve alignSurface allViewFit ambientLight angle angleBetween animCone animCurveEditor animDisplay animView annotate appendStringArray applicationName applyAttrPreset applyTake arcLenDimContext arcLengthDimension arclen arrayMapper art3dPaintCtx artAttrCtx artAttrPaintVertexCtx artAttrSkinPaintCtx artAttrTool artBuildPaintMenu artFluidAttrCtx artPuttyCtx artSelectCtx artSetPaintCtx artUserPaintCtx assignCommand assignInputDevice assignViewportFactories attachCurve attachDeviceAttr attachSurface attrColorSliderGrp attrCompatibility attrControlGrp attrEnumOptionMenu attrEnumOptionMenuGrp attrFieldGrp attrFieldSliderGrp attrNavigationControlGrp attrPresetEditWin attributeExists attributeInfo attributeMenu attributeQuery autoKeyframe autoPlace bakeClip bakeFluidShading bakePartialHistory bakeResults bakeSimulation basename basenameEx batchRender bessel bevel bevelPlus binMembership bindPose bindSkin blend2 blendShape blendShapeEditor blendShapePanel blendTwoAttr blindDataType boneLattice boundary boxDollyCtx boxZoomCtx bufferCurve buildBookmarkMenu buildKeyframeMenu button buttonManip CBG cacheFile cacheFileCombine cacheFileMerge cacheFileTrack camera cameraView canCreateManip canvas capitalizeString catch catchQuiet ceil changeSubdivComponentDisplayLevel changeSubdivRegion channelBox character characterMap characterOutlineEditor characterize chdir checkBox checkBoxGrp checkDefaultRenderGlobals choice circle circularFillet clamp clear clearCache clip clipEditor clipEditorCurrentTimeCtx clipSchedule clipSchedulerOutliner clipTrimBefore closeCurve closeSurface cluster cmdFileOutput cmdScrollFieldExecuter cmdScrollFieldReporter cmdShell coarsenSubdivSelectionList collision color colorAtPoint colorEditor colorIndex colorIndexSliderGrp colorSliderButtonGrp colorSliderGrp columnLayout commandEcho commandLine commandPort compactHairSystem componentEditor compositingInterop computePolysetVolume condition cone confirmDialog connectAttr connectControl connectDynamic connectJoint connectionInfo constrain constrainValue constructionHistory containerNodeInfo contextInfo control convertFromOldLayers convertIffToPsd convertLightmap convertSolidTx convertTessellation convertUnit copyArray copyFlexor copyKey copySkinWeights cos cpButton cpCache cpClothSet cpCollision cpConstraint cpConvClothToMesh cpForces cpGetSolverAttr cpPanel cpProperty cpRigidCollisionFilter cpSeam cpSetEdit cpSetSolverAttr cpSolver cpSolverTypes cpTool cpUpdateClothUVs createDisplayLayer createDrawCtx createEditor createLayeredPsdFile createMotionField createNewShelf createNode createRenderLayer createSubdivRegion cross crossProduct ctxAbort ctxCompletion ctxEditMode ctxTraverse currentCtx currentTime currentTimeCtx currentUnit curve curveAddPtCtx curveCVCtx curveEPCtx curveEditorCtx curveIntersect curveMoveEPCtx curveOnSurface curveSketchCtx cutKey cycleCheck cylinder date dagPose defaultLightListCheckBox defaultNavigation defineDataServer defineVirtualDevice deformer deg_to_rad delete deleteAttr deleteShadingGroupsAndMaterials deleteShelfTab deleteUI deleteUnusedBrushes delrandstr detachCurve detachDeviceAttr detachSurface deviceEditor devicePanel dgInfo dgdirty dgeval dgtimer dimWhen directKeyCtx directionalLight dirmap dirname disable disconnectAttr disconnectJoint diskCache displacementToPoly displayAffected displayColor displayCull displayLevelOfDetail displayPref displayRGBColor displaySmoothness displayStats displaySurface distanceDimContext distanceDimension doBlur docServer dolly dollyCtx dopeSheetEditor dot dotProduct doubleProfileBirailSurface drag dragAttrContext draggerContext dropoffLocator duplicate duplicateCurve duplicateSurface dynCache dynControl dynExport dynExpression dynGlobals dynPaintEditor dynParticleCtx dynPref dynRelEdPanel dynRelEditor dynamicLoad editAttrLimits editDisplayLayerGlobals editDisplayLayerMembers editRenderLayerAdjustment editRenderLayerGlobals editRenderLayerMembers editor editorTemplate effector emit emitter enableDevice encodeString endString endsWith env equivalent equivalentTol erf error eval evalDeferred evalEcho event exactWorldBoundingBox exclusiveLightCheckBox exec executeForEachObject exists exp exportComposerCurves expression expressionEditorListen extendCurve extendSurface extrude fcheck fclose feof fflush fgetline fgetword file fileBrowserDialog fileDialog fileExtension fileInfo filetest filletCurve filter filterCurve filterExpand filterStudioImport findAllIntersections findAnimCurves findKeyframe findMenuItem findRelatedSkinCluster finder firstParentOf fitBspline flexor floatEq floatField floatFieldGrp floatScrollBar floatSlider floatSlider2 floatSliderButtonGrp floatSliderGrp floor flow fluidCacheInfo fluidEmitter fluidVoxelInfo flushUndo fmod fontDialog fopen formLayout format fprint frameLayout fread freeFormFillet frewind fromNativePath fwrite gamma gauss geometryConstraint getApplicationVersionAsFloat getAttr getClassification getDefaultBrush getFileList getFluidAttr getInputDeviceRange getMayaPanelTypes getModifiers getPanel getParticleAttr getenv getpid glRender glRenderEditor globalStitch gmatch goal gotoBindPose grabColor gradientControl gradientControlNoAttr graphDollyCtx graphSelectContext graphTrackCtx gravity grid gridLayout group groupObjectsByName HfAddAttractorToAS HfAssignAS HfBuildEqualMap HfBuildFurFiles HfBuildFurImages HfCancelAFR HfConnectASToHF HfCreateAttractor HfDeleteAS HfEditAS HfPerformCreateAS HfRemoveAttractorFromAS HfSelectAttached HfSelectAttractors HfUnAssignAS hardenPointCurve hardware hardwareRenderPanel headsUpDisplay headsUpMessage help helpLine hermite hide hilite hitTest hotBox hotkey hotkeyCheck hsv_to_rgb hudButton hudSlider hudSliderButton hwReflectionMap hwRender hwRenderLoad hyperGraph hyperPanel hyperShade hypot iconTextButton iconTextCheckBox iconTextRadioButton iconTextRadioCollection iconTextScrollList iconTextStaticLabel ikHandle ikHandleCtx ikHandleDisplayScale ikSolver ikSplineHandleCtx ikSystem ikSystemInfo ikfkDisplayMethod illustratorCurves image imfPlugins importComposerCurves inheritTransform insertJoint insertJointCtx insertKeyCtx insertKnotCurve insertKnotSurface instance instanceable instancer intField intFieldGrp intScrollBar intSlider intSliderGrp interToUI internalVar intersect iprEngine isAnimCurve isConnected isDirty isParentOf isSameObject isTrue isValidObjectName isValidString isValidUiName isolateSelect itemFilter itemFilterAttr itemFilterRender itemFilterType joint jointCluster jointCtx jointDisplayScale jointLattice keyTangent keyframe keyframeOutliner keyframeRegionCurrentTimeCtx keyframeRegionDirectKeyCtx keyframeRegionDollyCtx keyframeRegionInsertKeyCtx keyframeRegionMoveKeyCtx keyframeRegionScaleKeyCtx keyframeRegionSelectKeyCtx keyframeRegionSetKeyCtx keyframeRegionTrackCtx keyframeStats lassoContext lattice latticeDeformKeyCtx launch launchImageEditor layerButton layeredShaderPort layeredTexturePort layout layoutDialog lightList lightListEditor lightListPanel lightlink lineIntersection linearPrecision linstep listAnimatable listAttr listCameras listConnections listDeviceAttachments listHistory listInputDeviceAxes listInputDeviceButtons listInputDevices listMenuAnnotation listNodeTypes listRelatives listSets listTransforms listUnselected listerEditor listpanelCategories loadFluid loadNewShelf loadPlugin loadPrefObjects lockNode loft log longNameOf lookThru ls lsThroughFilter lsType lsUI Mayatomr mag makeIdentity makeLive makePaintable makeRoll makeSingleSurface makeTubeOn makebot manipMoveContext manipMoveLimitsCtx manipOptions manipRotateContext manipRotateLimitsCtx manipScaleContext manipScaleLimitsCtx marker match max memory menu menuBarLayout menuEditor menuItem menuItemToShelf menuSet menuSetPref messageLine min minimizeApp mirrorJoint modelCurrentTimeCtx modelEditor modelPanel mouse movIn movOut move moveIKtoFK moveKeyCtx moveVertexAlongDirection multiProfileBirailSurface mute nParticle nameCommand nameField namespace namespaceInfo newPanelItems newton nodeCast nodeIconButton nodeOutliner nodePreset nodeType noise nonLinear normalConstraint normalize nurbsBoolean nurbsCopyUVSet nurbsCube nurbsEditUV nurbsPlane nurbsSelect nurbsSquare nurbsToPoly nurbsToPolygonsPref nurbsToSubdiv nurbsUVSet nurbsViewDirectionVector objExists objectCenter objectLayer objectType objectTypeUI obsoleteProc oceanNurbsPreviewPlane offsetCurve offsetCurveOnSurface offsetSurface openGLExtension openMayaPref optionMenu optionMenuGrp optionVar orbit orbitCtx orientConstraint outlinerEditor outlinerPanel overrideModifier paintEffectsDisplay pairBlend palettePort paneLayout panel panelConfiguration panelHistory paramDimContext paramDimension paramLocator parent parentConstraint particle particleExists particleInstancer particleRenderInfo partition pasteKey pathAnimation pause pclose percent performanceOptions pfxstrokes pickWalk picture pixelMove planarSrf plane play playbackOptions playblast plugAttr plugNode pluginInfo pointConstraint pointCurveConstraint pointLight pointMatrixMult pointOnCurve pointOnSurface pointPosition poleVectorConstraint polyAppend polyAppendFacetCtx polyAppendVertex polyAutoProjection polyAverageNormal polyAverageVertex polyBevel polyBlendColor polyBlindData polyBoolOp polyBridgeEdge polyCacheMonitor polyCheck polyChipOff polyClipboard polyCloseBorder polyCollapseEdge polyCollapseFacet polyColorBlindData polyColorPerVertex polyColorSet polyCompare polyCone polyCopyUV polyCrease polyCreaseCtx polyCreateFacet polyCreateFacetCtx polyCube polyCut polyCutCtx polyCylinder polyCylindricalProjection polyDelEdge polyDelFacet polyDelVertex polyDuplicateAndConnect polyDuplicateEdge polyEditUV polyEditUVShell polyEvaluate polyExtrudeEdge polyExtrudeFacet polyFlipEdge polyFlipUV polyForceUV polyGeoSampler polyHelix polyInfo polyInstallAction polyLayoutUV polyListComponentConversion polyMapCut polyMapDel polyMapSew polyMapSewMove polyMergeEdge polyMergeEdgeCtx polyMergeFacet polyMergeFacetCtx polyMergeUV polyMergeVertex polyMirrorFace polyMoveEdge polyMoveFacet polyMoveFacetUV polyMoveUV polyMoveVertex polyNormal polyNormalPerVertex polyNormalizeUV polyOptions polyOutput polyPipe polyPlanarProjection polyPlane polyPlatonicSolid polyPoke polyPrism polyProjection polyPyramid polyQuad polyQueryBlindData polyReduce polySelect polySelectConstraint polySelectConstraintMonitor polySelectCtx polySelectEditCtx polySeparate polySetToFaceNormal polySewEdge polyShortestPathCtx polySmooth polySoftEdge polySphere polySphericalProjection polySplit polySplitCtx polySplitEdge polySplitRing polySplitVertex polyStraightenUVBorder polySubdivideEdge polySubdivideFacet polySuperCtx polyToSubdiv polyTorus polyTransfer polyTriangulate polyUVSet polyUnite polyWedgeFace popen popupMenu pose pow preloadRefEd print progressBar progressWindow projFileViewer projectCurve projectTangent projectionContext projectionManip promptDialog propModCtx propMove psdChannelOutliner psdEditTextureFile psdExport psdTextureFile putenv pwd python querySubdiv quit rad_to_deg radial radioButton radioButtonGrp radioCollection radioMenuItemCollection rampColorPort rand randomizeFollicles randstate rangeControl readTake rebuildCurve rebuildSurface recordAttr recordDevice redo reference referenceEdit referenceQuery refineSubdivSelectionList refresh refreshAE rehash reloadImage removeJoint removeMultiInstance removepanelCategory rename renameAttr renameSelectionList renameUI render renderGlobalsNode renderInfo renderLayerButton renderLayerParent renderLayerPostProcess renderLayerUnparent renderManip renderPartition renderQualityNode renderSettings renderThumbnailUpdate renderWindowEditor renderWindowSelectContext renderer reorder reorderDeformers requires reroot resampleFluid resetAE resetPfxToPolyCamera resetTool resolutionNode retarget reverseCurve reverseSurface revolve rgb_to_hsv rigidBody rigidSolver roll rollCtx rootOf rot rotate rotationInterpolation roundConstantRadius rowColumnLayout rowLayout runTimeCommand runup sampleImage saveAllShelves saveAttrPreset saveFluid saveImage saveInitialState saveMenu savePrefObjects savePrefs saveShelf saveToolSettings scale scaleBrushBrightness scaleComponents scaleConstraint scaleKey scaleKeyCtx sceneEditor sceneUIReplacement scmh scriptCtx scriptEditorInfo scriptJob scriptNode scriptTable scriptToShelf scriptedPanel scriptedPanelType scrollField scrollLayout sculpt searchPathArray seed selLoadSettings select selectContext selectKey selectKeyCtx selectKeyframeRegionCtx selectMode selectPref selectPriority selectType selectedNodes selectionConnection separator setAttr setAttrMapping setConstraintRestPosition setDefaultShadingGroup setDrivenKeyframe setDynamic setEditCtx setEditor setEscapeCtx setFluidAttr setFocus setInfinity setInputDeviceMapping setKeyCtx setKeyPath setKeyframe setKeyframeBlendshapeTargetWts setMenuMode setNodeTypeFlag setParent setParticleAttr setPfxToPolyCamera setProject setStampDensity setStartupMessage setState setToolTo setUITemplate setXformManip sets shadingConnection shadingGeometryRelCtx shadingLightRelCtx shadingNetworkCompare shadingNode shapeCompare shelfButton shelfLayout shelfTabLayout shellField shortNameOf showHelp showHidden showManipCtx showSelectionInTitle showShadingGroupAttrEditor showWindow sign simplify sin singleProfileBirailSurface size skinCluster skinPercent smoothCurve smoothTangentSurface smoothstep snap2to2 snapKey snapMode snapTogetherCtx snapshot soft softMod softModCtx sort sound soundControl source spaceLocator sphere sphrand spotLight spotLightPreviewPort spreadSheetEditor spring sqrt squareSurface srtContext stackTrace startString startsWith stitchAndExplodeShell stitchSurface stitchSurfacePoints strcmp stringArrayCatenate stringArrayContains stringArrayCount stringArrayInsertAtIndex stringArrayIntersector stringArrayRemove stringArrayRemoveAtIndex stringArrayRemoveExact stringArrayRemoveDuplicates stringArrayToString stringToStringArray strip stripPrefixFromName stroke subdAutoProjection subdCleanTopology subdCollapse subdDuplicateAndConnect subdEditUV subdListComponentConversion subdMapCut subdMapSewMove subdMatchTopology subdMirror subdToBlind subdToPoly subdTransferUVsToCache subdiv subdivCrease subdivDisplaySmoothness substitute substituteAllString substituteGeometry substring superCtx surface surfaceSampler surfaceShaderList swatchDisplayPort switchTable symbolButton symbolCheckBox sysFile system tabLayout tan tangentConstraint texLatticeDeformContext texManipContext texMoveContext texMoveUVShellContext texRotateContext texScaleContext texSelectContext texSelectShortestPathCtx texSmudgeUVContext texWinToolCtx text textCurves textField textFieldButtonGrp textFieldGrp textManip textScrollList textToShelf textureDisplacePlane textureHairColor texturePlacementContext textureWindow threadCount threePointArcCtx timeControl timePort timerX toNativePath toggle toggleAxis toggleWindowVisibility tokenize tokenizeList tolerance tolower toolButton toolCollection toolDropped toolHasOptions toolPropertyWindow torus toupper trace track trackCtx transferAttributes transformCompare transformLimits translator trim trunc truncateFluidCache truncateHairCache tumble tumbleCtx turbulence twoPointArcCtx uiRes uiTemplate unassignInputDevice undo undoInfo ungroup uniform unit unloadPlugin untangleUV untrim upAxis updateAE userCtx uvLink uvSnapshot validateShelfName vectorize verifyCmd view2dToolCtx viewCamera viewClipPlane viewFit viewHeadOn viewLookAt viewPlace viewSet visor volumeAxis vortex waitCursor warning webBrowser webBrowserPrefs whatIs window windowPref wire wireContext workspace wrinkle wrinkleContext writeTake xbmLangPathList xform xpmPicker</Keywords>
            <Keywords name="Words3">` string float int array</Keywords>
            <Keywords name="Words4"></Keywords>
        </KeywordLists>
        <Styles>
            <WordsStyle name="DEFAULT" styleID="11" fgColor="000000" bgColor="FFFFFF" fontName="" fontStyle="0" />
            <WordsStyle name="FOLDEROPEN" styleID="12" fgColor="000000" bgColor="FFFFFF" fontName="" fontStyle="1" />
            <WordsStyle name="FOLDERCLOSE" styleID="13" fgColor="000000" bgColor="FFFFFF" fontName="" fontStyle="1" />
            <WordsStyle name="KEYWORD1" styleID="5" fgColor="0000FF" bgColor="FFFFFF" fontName="" fontStyle="1" fontSize="" />
            <WordsStyle name="KEYWORD2" styleID="6" fgColor="FF5E5E" bgColor="FFFFFF" fontName="" fontStyle="1" />
            <WordsStyle name="KEYWORD3" styleID="7" fgColor="8000FF" bgColor="FFFFFF" fontName="" fontStyle="0" />
            <WordsStyle name="KEYWORD4" styleID="8" fgColor="884400" bgColor="FFFFFF" fontName="" fontStyle="0" />
            <WordsStyle name="COMMENT" styleID="1" fgColor="008040" bgColor="FFFFFF" fontName="" fontStyle="2" />
            <WordsStyle name="COMMENT LINE" styleID="2" fgColor="008040" bgColor="FFFFFF" fontName="" fontStyle="2" />
            <WordsStyle name="NUMBER" styleID="4" fgColor="FF8000" bgColor="FFFFFF" fontName="" fontStyle="0" />
            <WordsStyle name="OPERATOR" styleID="10" fgColor="884400" bgColor="FFFFFF" fontName="" fontStyle="0" />
            <WordsStyle name="DELIMINER1" styleID="14" fgColor="808080" bgColor="FFFFFF" fontName="" fontStyle="0" />
            <WordsStyle name="DELIMINER2" styleID="15" fgColor="808080" bgColor="FFFFFF" fontName="" fontStyle="0" />
            <WordsStyle name="DELIMINER3" styleID="16" fgColor="808080" bgColor="FFFFFF" fontName="" fontStyle="0" />
        </Styles>
    </UserLang>
</NotepadPlus>
